{"is_source_file": false, "format": "", "description": "", "external_files": [], "external_methods": [], "published": [], "classes": [], "methods": [], "calls": [], "search-terms": [], "state": 2, "file_id": 6, "knowledge_revision": 9, "git_revision": "afff9c6b51c35fa0b14a42aa933176108121373e", "hash": "0c9f36dfd1a6dee9fa952c06ab7d9563", "format-version": 4, "code-base-name": "notes_app_database", "filename": "notes_app_database/db_visualizer/package.json", "revision_history": [{"9": "afff9c6b51c35fa0b14a42aa933176108121373e"}]}