{"is_source_file": true, "format": "bash", "description": "Universal Database Backup Script that detects and backs up SQLite, PostgreSQL, MySQL, or MongoDB databases based on runtime environment.", "external_files": ["/usr/lib/postgresql/", "/var/run/mysqld/mysqld.sock"], "external_methods": ["ls", "sudo -u postgres pg_isready", "mysqladmin ping", "mysql", "mysqldump", "mongosh", "mongodump"], "published": [], "classes": [], "methods": [], "calls": ["ls", "sudo -u postgres pg_isready", "mysqladmin ping", "mysql -h localhost -P ${DB_PORT} -u ${DB_USER} -p${DB_PASSWORD}", "mysqldump", "mongosh --port ${DB_PORT} --eval \"db.adminCommand('ping')\"", "mongodump --port ${DB_PORT} --db ${DB_NAME} --archive=database_backup.archive --quiet"], "search-terms": ["backup_script", "detect_rdbms", "sqlite_backup", "postgresql_backup", "mysql_backup", "mongodb_backup", "database_backup_script", "multiple-db-support"], "state": 2, "file_id": 3, "knowledge_revision": 12, "git_revision": "afff9c6b51c35fa0b14a42aa933176108121373e", "hash": "7af9aa35fa4940f934d83f6e2621b732", "format-version": 4, "code-base-name": "notes_app_database", "filename": "notes_app_database/backup_db.sh", "revision_history": [{"12": "afff9c6b51c35fa0b14a42aa933176108121373e"}]}