{"is_source_file": false, "format": "", "description": "", "external_files": [], "external_methods": [], "published": [], "classes": [], "methods": [], "calls": [], "search-terms": ["HTML", "JavaScript", "Database Viewer", "frontend", "UI", "HTML layout"], "state": 2, "file_id": 5, "knowledge_revision": 10, "git_revision": "afff9c6b51c35fa0b14a42aa933176108121373e", "hash": "ee63333a4841bf025439c755a74c9881", "format-version": 4, "code-base-name": "notes_app_database", "filename": "notes_app_database/db_visualizer/public/index.html", "revision_history": [{"10": "afff9c6b51c35fa0b14a42aa933176108121373e"}]}