{"is_source_file": true, "format": "bash", "description": "This script automates the restoration of various types of databases (SQLite, PostgreSQL, MySQL, MongoDB) by detecting specific backup files and attempting to restore accordingly.", "external_files": ["database_backup.db", "database_backup.sql", "database_backup.archive"], "external_methods": ["ls", "cp", "sudo -u postgres pg_isready", "psql", "mysqladmin", "mysql", "mongosh", "mongorestore"], "published": [], "classes": [], "methods": [], "calls": ["ls", "cp", "sudo -u postgres pg_isready", "psql", "mysqladmin ping", "mysql -h", "mysql -P", "mysqladmin ping", "mysqladmin ping --socket", "mysql -e", "mongosh --port", "mongosh --eval", "mongorestore --port", "echo"], "search-terms": ["restore_db.sh", "database_backup.db", "database_backup.sql", "database_backup.archive", "SQLite", "PostgreSQL", "MySQL", "MongoDB", "database restore script", "database backup detection", "bash database restore"], "state": 2, "file_id": 4, "knowledge_revision": 13, "git_revision": "afff9c6b51c35fa0b14a42aa933176108121373e", "hash": "67505395c0df4c9c001ab8f47571f3fb", "format-version": 4, "code-base-name": "notes_app_database", "filename": "notes_app_database/restore_db.sh", "revision_history": [{"13": "afff9c6b51c35fa0b14a42aa933176108121373e"}]}