{"is_source_file": true, "format": "bash script", "description": "A startup script for initializing and managing a PostgreSQL database server, including checks for existing server, data directory setup, server startup, user and database creation, permissions configuration, and environment setup.", "external_files": ["/usr/lib/postgresql/", "/var/lib/postgresql/data/PG_VERSION", "db_visualizer/postgres.env", "db_connection.txt"], "external_methods": ["ls", "sudo", "psql", "pg_isready", "pgrep", "initdb", "createdb", "cat"], "published": [], "classes": [], "methods": [], "calls": ["ls", "head", "sudo -u postgres pg_isready", "sudo -u postgres psql", "sudo -u postgres initdb", "sudo -u postgres postgres", "sleep", "pgrep", "sudo -u postgres createdb", "sudo -u postgres psql", "cat", "echo"], "search-terms": ["PostgreSQL startup", "bash database initialization script", "pg_isready check", "database user creation", "database permissions", "PostgreSQL version detection", "data directory", "environment variable setup"], "state": 2, "file_id": 2, "knowledge_revision": 14, "git_revision": "afff9c6b51c35fa0b14a42aa933176108121373e", "hash": "fa2aa67ea0a7c72f7c0958282f15a864", "format-version": 4, "code-base-name": "notes_app_database", "filename": "notes_app_database/startup.sh", "revision_history": [{"14": "afff9c6b51c35fa0b14a42aa933176108121373e"}]}