{"is_source_file": false, "format": "", "description": "", "external_files": [], "external_methods": [], "published": [], "classes": [], "methods": [], "calls": [], "search-terms": [], "state": 2, "file_id": 1, "knowledge_revision": 11, "git_revision": "aa9b836cc51f3c240e29c033293e2928308d19e8", "hash": "f397aa80853dfd346c71af60a0041cf5", "format-version": 4, "code-base-name": "notes_app_database", "filename": "README.md", "revision_history": [{"11": "aa9b836cc51f3c240e29c033293e2928308d19e8"}]}